{
  "median_ms": 5.090425722301006,
  "p95_ms": 5.326861049979925
}