{
  "median_ms": 5.029897205531597,
  "p95_ms": 5.23371109738946
}