{
  "median_ms": 5.047938029747456,
  "p95_ms": 5.123072012793273
}