{
  "median_ms": 5.004741993616335,
  "p95_ms": 5.155235005076975
}