{
  "median_ms": 4.9897349963430315,
  "p95_ms": 5.290431989124045
}