{
  "median_ms": 5.025014000239025,
  "p95_ms": 5.12817399976484
}