{
  "median_ms": 5.084263160824776,
  "p95_ms": 5.227974150329828
}