{
  "median_ms": 4.171232999397034,
  "p95_ms": 4.496939999626193
}