{
  "median_ms": 5.04798861220479,
  "p95_ms": 5.26493089273572
}