{
  "median_ms": 5.047844024375081,
  "p95_ms": 5.227103130891919
}