{
  "median_ms": 5.021725999540649,
  "p95_ms": 5.125978001160547
}